[
  {
    "_AccessRequest__id_document": "05270358T",
    "_AccessRequest__name": "Pedro Martin",
    "_AccessRequest__visitor_type": "Resident",
    "_AccessRequest__email_address": "uc3m@gmail.com",
    "_AccessRequest__validity": 0,
    "_AccessRequest__time_stamp": 1614962381.90867
  },
  {
    "_AccessRequest__id_document": "53935158C"  "_AccessRequest__name": "Marta LopeZ"
    "_AccessRequest__visitor_type": "Guest",
    "_AccessRequest__email_address": "uc3m@gmail.com",
    "_AccessRequest__validity": 5,
    "_AccessRequest__time_stamp": 1614962381.90867
  }
]