NUMBER,I/O,TECHNIQUE,FIELD,VALID/INVALID,ID TEST,DESCRIPTION,CREDIT_CARD_NUMBER,ID_CARD,NAME_SURNAME,PHONE_NUMBER,ROOM_TYPE,ARRIVAL,NUM_DAYS,RESULT,"ECS, BV COVERED",freezetime,timestamp,
1,INPUT,CE,CREDIT_CARD_NUMBER,VALID,TC1,VALID CREDIT CARD NUMBER,"5105105105105100","12345678Z","JOSE LOPEZ","+341234567",SINGLE,"01/07/2024",1,450a53be9b39944e62e7164ca5f5aadf,"ECV1, ECV2, ECV3, BVV1, ECV4, BVV2, ECV5, ENV6, ECV7, BVV3, ECV8 ECV16, ECV17, ECV18, ECV","freeze_time(""2024/03/22 13:00:00"")",1711112400.0,"HotelReservation:{'id_card': '12345678Z', 'name_surname': 'JOSE LOPEZ', 'credit_card': '5105105105105100', 'phone_number:': '+341234567', 'reservation_date': 1711112400.0, 'arrival_date': '01/07/2024', 'num_days': 1, 'room_type': 'SINGLE'}"
2,INPUT,CE,CREDIT_CARD_NUMBER,VALID,TC2,"VALID CREDIT CARD NUMBER, 11 CHARS NAME, 2 DAYS AND DOUBLE ROOM","5105105105105100","05270358T",JOSE SANCHO,"+341234567",DOUBLE,"01/07/2024",2,74a961610a0f1c048976007358ba7155,"BVV4, ECV10, BVV8","freeze_time(""2024/03/22 13:00:00"")",1711112400.0,
3,INPUT,CE,CREDIT_CARD_NUMBER,VALID,TC3,"VALID CREDIT CAR NUMBER, 50 CHARS, SUITE, 9 DAYS","5105105105105100",87654123L,Esmeralda Guillermina Pagatzaurtunduagoienengoazua,"+341234567",SUITE,"01/07/2024",9,846940dc519dfeabf68522ff4e71ae8e,"BVV5, ECV11, BVV9","freeze_time(""2024/03/22 13:00:00"")",1711112400.0,
4,INPUT,CE,CREDIT_CARD_NUMBER,VALID,TC4,"VALID CREDIT CAR NUMBER, 49 CHARS, SUITE, 10 DAYS","5105105105105100",87654321X,Esmeralda Guillermina Pagatzaurtunduagoienengoaza,"+341234567",SUITE,"01/07/2024",10,2e6701dd0b065faa56d7199d878d928e,"BVV6, BVV10, ","freeze_time(""2024/03/22 13:00:00"")",1711112400.0,
5,INPUT,CE,CREDIT_CARD_NUMBER,INVALID,TC5,NOT LUHN CREDIT CARD,"5105105105105101",12345678Z,Esmeralda Guillermina Pagatzaurtunduagoienengoaza,"+341234567",SUITE,"01/07/2024",10,Invalid credit card number (not luhn),ECNV1,,,
6,INPUT,CE,CREDIT_CARD_NUMBER,INVALID,TC6,NOT A NUMERIC STRING,"THIS IS NOT A NUMBER",12345678Z,Esmeralda Guillermina Pagatzaurtunduagoienengoaza,"+341234567",SUITE,"01/07/2024",10,Invalid credit card format,ECNV2,,,
7,INPUT ,CE,CREDIT_CARD_NUMBER,INVALID,TC7,17 CHARACTERES,"51051051051051000",12345678Z,Esmeralda Guillermina Pagatzaurtunduagoienengoaza,"+341234567",SUITE,"01/07/2024",10,Invalid credit card format,"ECNV3, BVNV1",,,
8,INPUT ,CE,CREDIT_CARD_NUMBER,INVALID,TC8,15 CHARACTERES,"510510510510510",12345678Z,Esmeralda Guillermina Pagatzaurtunduagoienengoaza,"+341234567",SUITE,"01/07/2024",10,Invalid credit card format,"ECNV4, BVNV2",,,
9,INPUT ,CE,IDCARD,INVALID,TC9,INVALID LETTER,"5105105105105100",12345678A,Esmeralda Guillermina Pagatzaurtunduagoienengoaza,"+341234567",SUITE,"01/07/2024",10,Invalid IdCard letter,ECNV5,,,
10,INPUT ,CE,IDCARD,INVALID,TC10,NOT STRING,"5105105105105100",12345678,Esmeralda Guillermina Pagatzaurtunduagoienengoaza,"+341234567",SUITE,"01/07/2024",10,Invalid IdCard format,ECNV6,,,
11,INPUT ,CE,IDCARD,INVALID,TC11,9 NUMBERS 1 LETTER,"5105105105105100",123456789Z,Esmeralda Guillermina Pagatzaurtunduagoienengoaza,"+341234567",SUITE,"01/07/2024",10,Invalid IdCard format,ECNV7- BVNV3,,,
12,INPUT ,CE,IDCARD,INVALID,TC12,7 NUMBERS 1 LETTER,"5105105105105100",1234567Z,Esmeralda Guillermina Pagatzaurtunduagoienengoaza,"+341234567",SUITE,"01/07/2024",10,Invalid IdCard format,ECNV8-BVNV4,,,
13,INPUT ,CE,IDCARD,INVALID,TC13,8 NUMBERS 2 LETTERS,"5105105105105100",12345678ZZ,Esmeralda Guillermina Pagatzaurtunduagoienengoaza,"+341234567",SUITE,"01/07/2024",10,Invalid IdCard format,ECVB9-BVNV5,,,
14,INPUT ,CE,IDCARD,INVALID,TC14,8 NUMBERS 9 LETTERS,"5105105105105100","12345678",Esmeralda Guillermina Pagatzaurtunduagoienengoaza,"+341234567",SUITE,"01/07/2024",10,Invalid IdCard format,ECVB10-BVNV6,,,
15,INPUT,CE,NAME_SURNAME,INVALID,TC15,NAME 9 CHARACTERS 1 SPACE,"5105105105105100","12345678Z",JOSE LOPE,"+341234567",SUITE,"01/07/2024",10,Invalid name format,ECVVNV11-BVNV7,,,
16,INPUT,CE,NAME_SURNAME,INVALID,TC16,NAME 51 CHARACTERS 2 SPACES,"5105105105105100","12345678Z",Esmeralda Guillermina Pagatzaurtunduagoienengoazuak,"+341234567",SUITE,"01/07/2024",10,Invalid name format,ECNV12-BVNV8,,,
17,INPUT ,CE,NAME_SURNAME,INVALID,TC17,10 CHARACTERS NO SPACES,"5105105105105100","12345678Z",JOSESANCHO,"+341234567",SUITE,"01/07/2024",10,Invalid name format,ECNV13-BVNV9,,,
18,INPUT,CE ,NAME_SURNAME,INVALID,TC18,NAME DATATYPE,"5105105105105100","12345678Z",12345678,"+341234567",SUITE,"01/07/2024",10,Invalid name format,ECNV14,,,
19,INPUT,CE ,PHONENUMBER,INVALID,TC19,LETTERS IN THE PHONE NUMBER,"5105105105105100","12345678Z",JOSE LOPEZ,"+34A234567",SUITE,"01/07/2024",10,Invalid phone number format,ECNV22,,,
20,INPUT,CE ,PHONENUMBER,INVALID,TC20,PHONE NUMBER WITH 8 NUMBERS,"5105105105105100","12345678Z",JOSE LOPEZ,"+34123456",SUITE,"01/07/2024",10,Invalid phone number format,BVNV12,,,
21,INPUT,CE ,PHONENUMBER,INVALID,TC21,PHONE NUMBER WITH 10 NUMBERS,"5105105105105100","12345678Z",JOSE LOPEZ,"+3412345678",SUITE,"01/07/2024",10,Invalid phone number format,BVNV13,,,
22,INPUT,CE ,PHONENUMBER,INVALID,TC22,PHONE NUMBER WITH TWO +,"5105105105105100","12345678Z",JOSE LOPEZ,"++341234567",SUITE,"01/07/2024",10,Invalid phone number format,BVNV14,,,
23,INPUT,CE ,PHONENUMBER,INVALID,TC23,PHONE NUMBER WITHOUT +,"5105105105105100","12345678Z",JOSE LOPEZ,"341234567",SUITE,"01/07/2024",10,Invalid phone number format,BVNV15,,,
24,INPUT,CE ,PHONENUMBER,INVALID,TC24,PHONE NUMBER WITH LETTERS IN THE PREFIX,"5105105105105100","12345678Z",JOSE LOPEZ,"+A41234567",SUITE,"01/07/2024",10,Invalid phone number format,ECNV23,,,
25,INPUT,CE ,PHONENUMBER,INVALID,TC25,PHONE NUMBER WITH INTEGER INSTEAD OF STRING,"5105105105105100","12345678Z",JOSE LOPEZ,12345678,SUITE,"01/07/2024",10,Invalid phone number format,ECNV24,,,
26,INPUT,CE ,ROOMTYPE,INVALID,TC26,ROOM TYPE WITH A INVALID VALUE,"5105105105105100","12345678Z",JOSE LOPEZ,"+341234567",OTHER,"01/07/2024",10,Invalid roomtype value,ECNV15,,,
27,INPUT,CE ,ROOMTYPE,INVALID,TC27,ROOM TYPE WITH A INVALID VALUE,"5105105105105100","12345678Z",JOSE LOPEZ,"+341234567",12345,"01/07/2024",10,Invalid roomtype value,ECNV16,,,
28,INPUT ,CE,DATE,INVALID,TC28,INVALID DATE FORMAT,"5105105105105100","12345678Z",JOSE LOPEZ,"+341234567",SUITE,"01-07-24",10,Invalid date format,ECNV17,,,
29,INPUT,CE,NUMDAYS,INVALID,TC29,NUMDAYS < 1 (0),"5105105105105100","12345678Z",JOSE LOPEZ,"+341234567",SUITE,"01/07/2024",0,Numdays should be in the range 1-10,BVNV19,,,
30,INPUT,CE,NUMDAYS,INVALID,TC30,NUMDAYUS > 10 (11),"5105105105105100","12345678Z",JOSE LOPEZ,"+341234567",SUITE,"01/07/2024",11,Numdays should be in the range 1-10,BVNV20,,,
31,INPUT,CE,NUMDAYS,INVALID,TC31,NUMDAYUS > 10 (11),"5105105105105100","12345678Z",JOSE LOPEZ,"+341234567",SUITE,"01/07/2024","H",Invalid num_days datatype,ECNV21,,,
